Age,Income,Credit_Score,Loan_Amount,Debt-to-Income_Ratio,Employment_Status,Eligibility,Outcome
61,97993,843,49829,0.45,Employed,1,1
28,118167,822,10283,0.31,Unemployed,0,0
22,128034,498,47843,0.35,Unemployed,0,0
38,94607,657,47591,0.42,Employed,1,1
36,140742,659,7076,0.42,Unemployed,0,0
35,57828,451,11127,0.5,Unemployed,0,0
29,77560,541,31560,0.41,Self-Employed,1,1
27,36299,405,29855,0.24,Unemployed,0,0
64,81433,449,29718,0.32,Employed,1,1
55,110266,562,41221,0.29,Employed,1,1
26,59857,502,36195,0.47,Unemployed,0,0
58,111715,477,8677,0.3,Self-Employed,1,1
48,72757,456,46729,0.26,Unemployed,0,0
23,143558,377,5619,0.17,Unemployed,0,0
22,55683,481,16231,0.23,Self-Employed,1,1
26,85597,805,10418,0.19,Unemployed,0,0
34,90776,775,37758,0.46,Employed,1,1
35,84722,759,33436,0.41,Self-Employed,1,1
53,77377,630,47264,0.12,Self-Employed,1,1
59,30543,623,26710,0.5,Employed,1,1
22,98385,454,42083,0.31,Unemployed,0,0
56,25224,750,11249,0.41,Unemployed,0,0
33,136578,369,39613,0.5,Self-Employed,1,1
62,76626,780,7788,0.49,Employed,1,1
65,116276,752,20057,0.14,Self-Employed,1,1
55,62247,610,18855,0.36,Unemployed,0,0
47,99129,581,42144,0.21,Unemployed,0,0
35,52816,357,36162,0.43,Employed,1,1
49,23390,660,22766,0.47,Self-Employed,1,1
58,31970,819,8051,0.12,Self-Employed,1,1
38,50005,375,9872,0.5,Unemployed,0,0
21,146079,617,49854,0.19,Employed,1,1
31,108381,772,23374,0.44,Unemployed,0,0
65,129570,762,40588,0.42,Employed,1,1
48,132789,338,41930,0.24,Unemployed,0,0
42,95392,358,48129,0.44,Unemployed,0,0
38,96955,677,7156,0.44,Employed,1,1
30,144621,593,16754,0.17,Unemployed,0,0
34,22719,378,25610,0.34,Employed,1,1
42,120238,392,6026,0.42,Self-Employed,1,1
27,108117,819,18576,0.38,Employed,1,1
26,127665,693,43471,0.47,Employed,1,1
45,55325,773,14449,0.11,Unemployed,0,0
27,95529,342,31102,0.38,Unemployed,0,0
43,25273,760,10042,0.48,Unemployed,0,0
43,120022,492,24613,0.33,Employed,1,1
59,119125,629,15646,0.33,Unemployed,0,0
37,42962,787,41959,0.18,Unemployed,0,0
23,81669,813,20759,0.5,Self-Employed,1,1
50,88021,454,42138,0.45,Self-Employed,1,1
55,105394,363,30503,0.3,Employed,1,1
28,77963,761,49370,0.22,Employed,1,1
45,140071,405,40426,0.3,Self-Employed,1,1
26,56458,651,26740,0.14,Employed,1,1
56,43788,386,30155,0.19,Employed,1,1
39,96720,816,14171,0.19,Self-Employed,1,1
61,77132,476,10139,0.31,Self-Employed,1,1
60,103202,340,37819,0.1,Employed,1,1
44,126724,553,27666,0.47,Employed,1,1
57,84451,748,8519,0.18,Unemployed,0,0
33,147016,749,11401,0.15,Employed,1,1
25,31959,836,33645,0.39,Unemployed,0,0
23,81605,835,20213,0.47,Self-Employed,1,1
63,65607,462,9981,0.44,Self-Employed,1,1
35,73523,672,27321,0.23,Self-Employed,1,1
39,63687,681,44660,0.11,Self-Employed,1,1
26,62081,589,45230,0.33,Employed,1,1
35,107835,696,44033,0.47,Employed,1,1
27,33710,718,30998,0.41,Unemployed,0,0
45,132424,646,26389,0.44,Self-Employed,1,1
38,41079,353,6941,0.44,Employed,1,1
50,63228,642,46557,0.48,Unemployed,0,0
61,73955,367,22912,0.25,Unemployed,0,0
44,110921,637,34527,0.48,Unemployed,0,0
31,84942,396,37152,0.26,Self-Employed,1,1
44,57777,695,19951,0.14,Unemployed,0,0
43,106846,590,28318,0.22,Self-Employed,1,1
34,143888,558,41243,0.15,Unemployed,0,0
63,72488,453,29603,0.16,Unemployed,0,0
38,126635,641,33301,0.48,Unemployed,0,0
65,119680,383,17172,0.42,Employed,1,1
64,92102,444,49544,0.48,Self-Employed,1,1
62,24809,658,43395,0.36,Unemployed,0,0
25,79614,617,48297,0.17,Self-Employed,1,1
59,31542,701,29908,0.49,Self-Employed,1,1
61,61224,432,10616,0.38,Unemployed,0,0
31,53082,386,45541,0.47,Unemployed,0,0
55,62372,617,24357,0.41,Employed,1,1
36,35194,685,21151,0.19,Unemployed,0,0
31,147164,636,9817,0.34,Self-Employed,1,1
50,121259,430,10376,0.17,Self-Employed,1,1
45,72976,839,22561,0.22,Employed,1,1
38,133365,395,15107,0.38,Unemployed,0,0
61,87449,733,29903,0.15,Self-Employed,1,1
65,128124,820,46543,0.39,Self-Employed,1,1
56,149514,670,15110,0.48,Self-Employed,1,1
35,20150,318,30534,0.48,Self-Employed,1,1
64,106200,671,25753,0.26,Self-Employed,1,1
41,133949,616,28638,0.5,Unemployed,0,0
24,91118,484,11982,0.49,Employed,1,1
35,80552,519,10997,0.11,Unemployed,0,0
23,74165,649,5340,0.34,Employed,1,1
41,27104,797,25202,0.47,Self-Employed,1,1
46,44586,496,34146,0.49,Employed,1,1
38,87952,531,28587,0.19,Employed,1,1
25,67419,440,22679,0.33,Employed,1,1
34,101609,458,11699,0.47,Unemployed,0,0
57,119148,379,13683,0.16,Unemployed,0,0
41,85338,602,10721,0.4,Self-Employed,1,1
34,101973,403,17280,0.2,Employed,1,1
62,77939,819,33244,0.49,Employed,1,1
52,119613,839,34415,0.17,Employed,1,1
46,26764,338,41502,0.45,Employed,1,1
62,46680,644,41355,0.14,Self-Employed,1,1
50,55003,434,38583,0.38,Unemployed,0,0
30,91987,685,31741,0.36,Unemployed,0,0
37,37172,457,11769,0.45,Employed,1,1
29,141591,466,6721,0.28,Unemployed,0,0
36,57752,485,10873,0.21,Employed,1,1
56,77424,469,28194,0.2,Self-Employed,1,1
55,135454,748,41321,0.13,Self-Employed,1,1
37,111521,344,11099,0.2,Unemployed,0,0
58,83532,720,44120,0.14,Employed,1,1
48,35915,673,44193,0.1,Self-Employed,1,1
58,23783,543,26261,0.25,Unemployed,0,0
46,147552,754,30246,0.39,Self-Employed,1,1
44,102578,591,5808,0.49,Self-Employed,1,1
35,99806,759,24126,0.45,Employed,1,1
29,124767,539,32119,0.3,Unemployed,0,0
53,51365,846,30414,0.25,Employed,1,1
52,113032,544,10550,0.32,Unemployed,0,0
26,40758,616,41669,0.14,Self-Employed,1,1
24,60730,780,20908,0.29,Employed,1,1
28,92199,498,42483,0.45,Employed,1,1
30,21792,676,39151,0.36,Employed,1,1
61,92384,751,16113,0.37,Employed,1,1
31,73476,772,49912,0.17,Unemployed,0,0
64,32217,588,29951,0.13,Unemployed,0,0
48,49451,691,16108,0.44,Employed,1,1
59,130284,814,14099,0.22,Employed,1,1
25,139659,840,22623,0.23,Unemployed,0,0
45,34871,728,24734,0.48,Unemployed,0,0
45,80482,465,22590,0.13,Employed,1,1
59,144133,504,37317,0.17,Unemployed,0,0
50,35396,441,14563,0.25,Employed,1,1
54,104896,556,9146,0.39,Employed,1,1
37,129070,353,15958,0.32,Employed,1,1
56,40181,792,33486,0.46,Self-Employed,1,1
21,85323,680,23085,0.14,Employed,1,1
64,142244,405,32597,0.34,Unemployed,0,0
28,113926,828,24644,0.35,Self-Employed,1,1
64,58254,427,36734,0.29,Unemployed,0,0
55,86698,591,10041,0.11,Unemployed,0,0
38,112459,385,28666,0.48,Unemployed,0,0
62,55838,464,21495,0.17,Employed,1,1
42,74459,579,21160,0.46,Unemployed,0,0
28,129408,760,45962,0.16,Unemployed,0,0
39,83242,825,37492,0.14,Unemployed,0,0
48,148482,450,43915,0.18,Self-Employed,1,1
31,81894,747,45414,0.18,Employed,1,1
50,51946,393,17815,0.38,Employed,1,1
21,79871,527,35006,0.39,Self-Employed,1,1
37,92255,761,12010,0.39,Unemployed,0,0
53,38958,657,13879,0.21,Self-Employed,1,1
32,70277,327,24966,0.21,Self-Employed,1,1
53,44983,724,5443,0.2,Employed,1,1
27,140831,354,30932,0.12,Employed,1,1
61,98561,705,26772,0.33,Self-Employed,1,1
40,86616,814,45644,0.44,Unemployed,0,0
61,117818,682,29896,0.16,Employed,1,1
53,135255,541,26596,0.24,Unemployed,0,0
59,37892,695,33850,0.27,Employed,1,1
33,133249,383,26937,0.22,Unemployed,0,0
30,29150,683,33220,0.36,Unemployed,0,0
44,56208,529,47666,0.34,Unemployed,0,0
31,121276,328,43954,0.18,Self-Employed,1,1
55,123547,626,13921,0.11,Employed,1,1
54,131989,401,24689,0.17,Unemployed,0,0
21,74387,643,26015,0.22,Unemployed,0,0
59,64548,449,44532,0.13,Self-Employed,1,1
41,142453,440,18163,0.44,Self-Employed,1,1
52,123247,339,36392,0.22,Unemployed,0,0
22,86550,593,25590,0.26,Unemployed,0,0
28,55018,783,16641,0.3,Employed,1,1
44,127551,442,31099,0.36,Employed,1,1
40,20336,780,25915,0.14,Self-Employed,1,1
36,57072,759,24100,0.32,Self-Employed,1,1
24,115164,305,46477,0.17,Employed,1,1
36,59132,381,37178,0.45,Employed,1,1
57,129769,319,42740,0.25,Employed,1,1
26,96931,562,20887,0.28,Employed,1,1
26,96011,520,26357,0.21,Unemployed,0,0
52,106499,453,29645,0.29,Unemployed,0,0
25,84178,840,23369,0.19,Unemployed,0,0
55,133411,733,30751,0.21,Self-Employed,1,1
29,39476,413,28921,0.12,Employed,1,1
29,78529,595,12463,0.4,Unemployed,0,0
63,90592,543,41952,0.37,Employed,1,1
51,83483,608,18094,0.13,Employed,1,1
56,65236,424,43812,0.24,Self-Employed,1,1
31,63573,348,40758,0.32,Unemployed,0,0
37,92340,544,16791,0.49,Unemployed,0,0
54,119991,729,49676,0.34,Employed,1,1
59,91228,768,41051,0.32,Unemployed,0,0
48,69441,364,6763,0.44,Unemployed,0,0
34,79682,413,35252,0.43,Employed,1,1
55,142270,811,18739,0.27,Employed,1,1
65,62176,848,33734,0.31,Self-Employed,1,1
33,133980,316,24092,0.45,Unemployed,0,0
40,44727,827,9532,0.29,Employed,1,1
46,148552,547,31813,0.45,Unemployed,0,0
63,111422,447,49104,0.29,Unemployed,0,0
62,51300,598,37722,0.13,Employed,1,1
44,94946,739,14121,0.46,Unemployed,0,0
49,70196,301,46506,0.39,Unemployed,0,0
54,50613,661,24846,0.3,Self-Employed,1,1
49,132199,546,20861,0.46,Unemployed,0,0
28,121652,726,21559,0.42,Self-Employed,1,1
36,73841,491,48166,0.37,Self-Employed,1,1
35,25720,387,15101,0.35,Employed,1,1
25,61704,836,32730,0.15,Unemployed,0,0
42,117609,669,29706,0.4,Unemployed,0,0
22,81993,369,9847,0.17,Self-Employed,1,1
58,112435,838,34430,0.49,Employed,1,1
56,139725,819,44186,0.49,Self-Employed,1,1
35,126352,819,36407,0.42,Self-Employed,1,1
58,69968,320,43157,0.15,Self-Employed,1,1
35,70604,699,31267,0.27,Unemployed,0,0
21,149553,781,40020,0.5,Unemployed,0,0
25,106991,344,38201,0.27,Unemployed,0,0
61,123860,696,32413,0.5,Unemployed,0,0
24,127577,682,40628,0.35,Employed,1,1
35,105461,559,7409,0.43,Self-Employed,1,1
25,148557,316,28562,0.2,Employed,1,1
23,39936,665,40186,0.46,Self-Employed,1,1
42,84923,369,43916,0.47,Self-Employed,1,1
25,146461,653,46823,0.13,Employed,1,1
53,24852,546,10569,0.26,Employed,1,1
36,36547,406,12167,0.26,Self-Employed,1,1
38,85836,640,21268,0.23,Unemployed,0,0
63,146530,436,48096,0.21,Unemployed,0,0
52,97356,345,48561,0.28,Self-Employed,1,1
34,63515,660,28265,0.45,Self-Employed,1,1
55,133993,646,15901,0.41,Employed,1,1
29,33154,479,47401,0.35,Employed,1,1
57,134581,775,45152,0.31,Unemployed,0,0
57,130761,790,7903,0.27,Unemployed,0,0
51,77711,486,41911,0.27,Employed,1,1
36,33069,438,47272,0.16,Unemployed,0,0
51,88937,364,49398,0.34,Unemployed,0,0
47,139333,768,47384,0.4,Employed,1,1
33,79890,337,31189,0.48,Unemployed,0,0
27,22011,600,26731,0.47,Employed,1,1
27,114692,506,33210,0.33,Self-Employed,1,1
63,38894,344,11943,0.14,Unemployed,0,0
48,73736,504,5691,0.21,Employed,1,1
43,134154,342,11462,0.31,Unemployed,0,0
48,105823,623,21956,0.24,Self-Employed,1,1
47,147134,617,19549,0.26,Self-Employed,1,1
50,40232,827,38467,0.25,Self-Employed,1,1
24,29807,707,38999,0.29,Employed,1,1
64,81537,784,41568,0.34,Employed,1,1
62,122436,559,43044,0.11,Self-Employed,1,1
62,147035,337,42698,0.21,Unemployed,0,0
27,54737,495,19485,0.16,Unemployed,0,0
24,64375,592,34214,0.34,Self-Employed,1,1
46,101691,665,29518,0.38,Self-Employed,1,1
42,110794,348,30633,0.12,Unemployed,0,0
27,72098,639,35347,0.46,Self-Employed,1,1
36,105175,579,49535,0.23,Unemployed,0,0
33,30527,427,43573,0.2,Self-Employed,1,1
33,131642,676,37798,0.4,Unemployed,0,0
55,63065,747,14879,0.47,Self-Employed,1,1
49,131718,709,27607,0.46,Unemployed,0,0
29,108389,750,6609,0.11,Self-Employed,1,1
48,132635,695,36638,0.43,Employed,1,1
32,89942,647,11851,0.22,Self-Employed,1,1
38,69808,491,24361,0.21,Unemployed,0,0
50,145060,808,32261,0.3,Unemployed,0,0
36,61505,809,10626,0.38,Self-Employed,1,1
25,102155,676,12606,0.14,Employed,1,1
49,114203,831,14284,0.45,Self-Employed,1,1
56,136318,573,27828,0.15,Unemployed,0,0
27,119536,384,25440,0.49,Unemployed,0,0
24,83956,734,27483,0.28,Self-Employed,1,1
62,134344,380,34840,0.43,Self-Employed,1,1
55,90912,740,18557,0.21,Self-Employed,1,1
21,24705,484,39151,0.27,Unemployed,0,0
26,100931,600,36649,0.36,Self-Employed,1,1
36,28968,628,27826,0.18,Unemployed,0,0
31,50771,405,36205,0.18,Self-Employed,1,1
47,102727,381,11397,0.43,Unemployed,0,0
52,109705,635,33715,0.4,Employed,1,1
51,140708,602,34651,0.4,Unemployed,0,0
34,57667,613,25900,0.45,Employed,1,1
46,49817,756,9402,0.43,Unemployed,0,0
24,117880,736,24678,0.31,Employed,1,1
31,31846,470,7928,0.16,Self-Employed,1,1
45,76881,754,12542,0.22,Unemployed,0,0
21,148232,659,6480,0.3,Employed,1,1
45,32903,757,27483,0.15,Employed,1,1
37,119663,343,47465,0.44,Employed,1,1
50,103066,661,12167,0.45,Unemployed,0,0
39,112260,745,49377,0.11,Self-Employed,1,1
48,134370,581,15771,0.18,Self-Employed,1,1
65,33173,358,20985,0.43,Unemployed,0,0
56,78153,376,38816,0.43,Unemployed,0,0
63,41805,715,16432,0.2,Unemployed,0,0
52,110964,672,41169,0.28,Unemployed,0,0
30,59251,825,15494,0.47,Unemployed,0,0
33,138413,463,26691,0.38,Employed,1,1
39,23794,331,41690,0.21,Employed,1,1
34,26028,446,32942,0.43,Self-Employed,1,1
24,62516,748,35281,0.3,Unemployed,0,0
58,124352,335,20194,0.35,Employed,1,1
55,27355,429,31545,0.15,Employed,1,1
24,58452,368,46271,0.11,Employed,1,1
41,66984,541,17088,0.25,Self-Employed,1,1
24,69131,675,17215,0.34,Unemployed,0,0
24,76450,670,46974,0.17,Self-Employed,1,1
58,39080,692,48077,0.45,Employed,1,1
51,52007,333,33320,0.33,Employed,1,1
53,89621,457,30924,0.24,Self-Employed,1,1
54,74008,760,6913,0.17,Employed,1,1
31,94177,679,45246,0.46,Self-Employed,1,1
24,109364,680,17931,0.4,Employed,1,1
53,123877,754,34463,0.38,Unemployed,0,0
26,43600,378,43810,0.21,Employed,1,1
32,42280,440,33151,0.25,Unemployed,0,0
25,42946,842,30482,0.17,Self-Employed,1,1
59,30350,675,5291,0.33,Self-Employed,1,1
25,99887,707,19076,0.49,Unemployed,0,0
64,134142,621,18486,0.44,Unemployed,0,0
36,70140,585,23241,0.36,Unemployed,0,0
46,101226,555,9100,0.37,Self-Employed,1,1
28,109539,416,42837,0.21,Unemployed,0,0
57,51566,326,11668,0.26,Unemployed,0,0
36,85230,490,40185,0.11,Employed,1,1
58,139646,811,17252,0.41,Employed,1,1
59,96435,830,28972,0.41,Unemployed,0,0
23,38758,696,26363,0.1,Self-Employed,1,1
60,50433,420,17915,0.46,Self-Employed,1,1
26,80443,568,34986,0.36,Employed,1,1
47,103611,566,12468,0.34,Employed,1,1
63,53289,756,22193,0.1,Unemployed,0,0
58,80236,519,48955,0.2,Unemployed,0,0
57,53466,592,37078,0.42,Self-Employed,1,1
54,107404,802,39584,0.22,Employed,1,1
41,21231,504,46884,0.49,Employed,1,1
37,137821,425,25539,0.36,Unemployed,0,0
34,125464,438,44123,0.27,Unemployed,0,0
63,80981,375,30469,0.25,Unemployed,0,0
41,138123,762,45062,0.24,Unemployed,0,0
36,57700,476,30725,0.2,Employed,1,1
37,108815,755,43469,0.29,Unemployed,0,0
46,91643,389,12486,0.37,Employed,1,1
29,40706,627,27801,0.43,Unemployed,0,0
63,29681,655,28067,0.26,Employed,1,1
62,77898,366,35006,0.14,Self-Employed,1,1
40,143893,597,45459,0.3,Employed,1,1
50,65293,607,16306,0.36,Unemployed,0,0
41,149453,461,49144,0.44,Employed,1,1
25,97014,478,24493,0.25,Employed,1,1
21,59210,670,45270,0.36,Employed,1,1
50,103746,820,43677,0.34,Self-Employed,1,1
60,146095,529,10554,0.22,Self-Employed,1,1
57,75615,424,49047,0.14,Self-Employed,1,1
27,110480,505,13778,0.13,Unemployed,0,0
25,52780,442,25524,0.5,Self-Employed,1,1
55,79878,542,12724,0.36,Self-Employed,1,1
34,130795,805,20635,0.44,Unemployed,0,0
53,59599,326,25013,0.2,Employed,1,1
37,46111,669,12664,0.38,Unemployed,0,0
29,70422,677,16996,0.46,Employed,1,1
43,131848,778,29464,0.22,Unemployed,0,0
25,83335,432,14264,0.16,Unemployed,0,0
36,33979,388,38477,0.41,Employed,1,1
44,51091,367,30458,0.46,Employed,1,1
39,69986,616,32409,0.42,Unemployed,0,0
31,94963,707,44087,0.42,Self-Employed,1,1
49,67049,790,14035,0.34,Unemployed,0,0
55,95341,838,42670,0.36,Unemployed,0,0
40,58780,720,30146,0.37,Unemployed,0,0
60,111655,719,32724,0.39,Self-Employed,1,1
62,58696,375,17173,0.36,Self-Employed,1,1
54,22875,428,36894,0.5,Self-Employed,1,1
21,148181,624,46648,0.2,Employed,1,1
63,128794,375,40217,0.27,Unemployed,0,0
56,106275,760,47287,0.26,Employed,1,1
40,71879,777,16353,0.11,Self-Employed,1,1
63,55976,829,41366,0.38,Self-Employed,1,1
27,21061,652,15935,0.33,Unemployed,0,0
29,94177,431,37089,0.18,Employed,1,1
37,133386,486,23929,0.39,Self-Employed,1,1
28,109889,432,14194,0.19,Employed,1,1
27,122014,743,17261,0.31,Self-Employed,1,1
56,117605,814,25616,0.41,Unemployed,0,0
30,147612,356,34556,0.46,Employed,1,1
38,26428,427,45593,0.37,Unemployed,0,0
39,139356,830,8513,0.3,Employed,1,1
59,99482,456,28529,0.44,Unemployed,0,0
34,117671,611,5628,0.44,Self-Employed,1,1
42,85107,468,36759,0.45,Self-Employed,1,1
34,129161,465,13947,0.17,Employed,1,1
64,138509,630,17787,0.14,Unemployed,0,0
61,138349,530,30162,0.15,Self-Employed,1,1
37,57512,654,41803,0.2,Unemployed,0,0
53,121677,831,38124,0.42,Unemployed,0,0
52,124708,590,47799,0.41,Self-Employed,1,1
37,50162,380,37438,0.17,Unemployed,0,0
24,99569,556,31813,0.37,Self-Employed,1,1
26,125110,501,49872,0.23,Self-Employed,1,1
61,66179,581,37225,0.14,Unemployed,0,0
48,48705,428,32238,0.24,Self-Employed,1,1
38,103442,610,34088,0.4,Employed,1,1
23,44920,846,37027,0.22,Self-Employed,1,1
21,101381,395,15961,0.42,Self-Employed,1,1
42,52850,814,10417,0.23,Unemployed,0,0
29,108835,472,42053,0.2,Self-Employed,1,1
61,119035,457,7022,0.22,Unemployed,0,0
37,114493,475,19452,0.44,Employed,1,1
31,120593,645,24142,0.29,Self-Employed,1,1
49,106400,342,7142,0.45,Employed,1,1
56,109241,329,23012,0.33,Self-Employed,1,1
48,129882,383,19735,0.48,Employed,1,1
56,37927,346,40232,0.13,Self-Employed,1,1
21,102345,571,23918,0.46,Unemployed,0,0
28,32735,515,16023,0.3,Employed,1,1
25,138410,726,34971,0.45,Unemployed,0,0
65,102242,331,42070,0.25,Unemployed,0,0
30,104717,809,37460,0.22,Employed,1,1
55,25167,596,41026,0.12,Self-Employed,1,1
23,60492,609,38476,0.44,Self-Employed,1,1
44,123364,794,12419,0.15,Self-Employed,1,1
58,77779,550,42533,0.18,Unemployed,0,0
56,24373,715,12484,0.26,Unemployed,0,0
30,95965,604,22556,0.33,Employed,1,1
48,67823,764,40593,0.46,Unemployed,0,0
29,115991,374,29042,0.28,Self-Employed,1,1
23,37224,361,40523,0.23,Employed,1,1
40,31813,461,7726,0.39,Self-Employed,1,1
44,139226,750,33925,0.41,Employed,1,1
23,58680,725,40805,0.3,Self-Employed,1,1
43,62823,795,19322,0.35,Unemployed,0,0
34,117973,775,32862,0.17,Unemployed,0,0
64,74460,508,11711,0.35,Self-Employed,1,1
36,43021,648,47839,0.1,Employed,1,1
63,46318,447,21222,0.21,Unemployed,0,0
27,37322,620,24510,0.4,Employed,1,1
43,123089,626,7112,0.17,Self-Employed,1,1
56,90701,653,34473,0.41,Self-Employed,1,1
47,134879,708,22223,0.3,Self-Employed,1,1
60,147335,433,27844,0.41,Employed,1,1
30,67953,679,10700,0.14,Unemployed,0,0
36,89579,827,33774,0.35,Self-Employed,1,1
31,85771,408,12693,0.35,Employed,1,1
32,139732,626,20528,0.26,Unemployed,0,0
47,55720,547,18754,0.49,Unemployed,0,0
22,128851,777,43530,0.25,Employed,1,1
32,41567,425,27978,0.12,Self-Employed,1,1
42,53681,573,44994,0.18,Unemployed,0,0
47,139806,760,46469,0.25,Employed,1,1
63,128093,553,33060,0.11,Employed,1,1
36,143756,444,15877,0.23,Unemployed,0,0
38,83156,399,45380,0.43,Employed,1,1
31,146796,351,14124,0.18,Self-Employed,1,1
65,125708,597,18541,0.37,Employed,1,1
27,58684,693,18562,0.35,Employed,1,1
45,117853,728,8890,0.2,Employed,1,1
23,134084,554,42360,0.38,Employed,1,1
51,64396,463,27991,0.24,Unemployed,0,0
35,125412,635,39883,0.15,Self-Employed,1,1
33,35095,620,23421,0.25,Employed,1,1
50,81385,494,44115,0.34,Employed,1,1
43,146208,463,40308,0.17,Employed,1,1
40,29869,810,16034,0.43,Employed,1,1
35,38449,827,26210,0.22,Unemployed,0,0
35,118848,778,24178,0.22,Unemployed,0,0
22,146681,810,23961,0.39,Self-Employed,1,1
63,49571,615,42534,0.34,Unemployed,0,0
33,132740,809,22520,0.24,Employed,1,1
46,108647,323,38712,0.46,Unemployed,0,0
42,114924,392,49518,0.5,Employed,1,1
38,108395,702,11240,0.24,Self-Employed,1,1
25,148442,817,13885,0.46,Self-Employed,1,1
38,72089,768,31974,0.24,Unemployed,0,0
43,146781,546,8885,0.18,Self-Employed,1,1
62,130853,520,23174,0.48,Self-Employed,1,1
53,125458,661,47984,0.47,Unemployed,0,0
46,93048,349,13315,0.26,Self-Employed,1,1
64,67942,351,13696,0.19,Self-Employed,1,1
55,31836,588,21362,0.39,Employed,1,1
42,123636,806,14584,0.15,Unemployed,0,0
22,71717,781,26108,0.39,Self-Employed,1,1
28,21824,592,21223,0.34,Self-Employed,1,1
37,54663,849,49317,0.17,Employed,1,1
32,90329,308,30736,0.25,Unemployed,0,0
58,36199,410,37077,0.36,Employed,1,1
37,79609,741,14317,0.11,Employed,1,1
23,68311,437,42842,0.45,Unemployed,0,0
27,108188,570,46445,0.2,Self-Employed,1,1
59,118174,674,22610,0.31,Self-Employed,1,1
48,108125,712,46144,0.12,Unemployed,0,0
43,54362,674,32146,0.5,Employed,1,1
41,96619,346,29587,0.36,Unemployed,0,0
48,69941,710,34621,0.36,Self-Employed,1,1
59,127795,352,9949,0.11,Self-Employed,1,1
53,103695,499,46525,0.38,Unemployed,0,0
28,143245,671,11101,0.27,Employed,1,1
45,68689,595,31401,0.25,Self-Employed,1,1
57,34201,375,38791,0.32,Employed,1,1
33,108452,695,23233,0.29,Unemployed,0,0
37,50647,816,29187,0.16,Unemployed,0,0
23,81797,761,34798,0.38,Self-Employed,1,1
48,23280,586,36984,0.35,Self-Employed,1,1
21,101205,421,26449,0.22,Unemployed,0,0
54,135898,431,43139,0.36,Employed,1,1
55,143623,399,5162,0.36,Employed,1,1
64,93584,703,11104,0.21,Unemployed,0,0
63,62992,682,35044,0.34,Employed,1,1
33,139964,647,46604,0.15,Self-Employed,1,1
44,99964,674,48525,0.43,Unemployed,0,0
48,49015,447,28476,0.14,Employed,1,1
25,104889,503,9150,0.39,Self-Employed,1,1
63,28285,821,40024,0.15,Self-Employed,1,1
42,103283,711,31064,0.15,Unemployed,0,0
60,127984,812,19275,0.14,Self-Employed,1,1
41,80852,341,33157,0.18,Employed,1,1
63,139195,346,18883,0.18,Unemployed,0,0
28,111891,339,37421,0.21,Self-Employed,1,1
40,59608,440,22598,0.31,Employed,1,1
53,105097,641,26159,0.18,Self-Employed,1,1
40,73516,785,23585,0.38,Self-Employed,1,1
63,35292,831,27135,0.22,Unemployed,0,0
47,38320,767,40868,0.12,Self-Employed,1,1
41,25943,452,42875,0.3,Self-Employed,1,1
46,144028,827,13558,0.18,Employed,1,1
65,24877,443,42102,0.47,Self-Employed,1,1
39,59893,635,36807,0.23,Self-Employed,1,1
56,84569,626,27527,0.1,Employed,1,1
29,35220,466,49731,0.37,Self-Employed,1,1
33,32739,702,8172,0.46,Unemployed,0,0
47,50775,606,8010,0.43,Self-Employed,1,1
63,136294,644,11525,0.37,Self-Employed,1,1
45,90457,819,46037,0.16,Self-Employed,1,1
64,37781,821,35119,0.14,Self-Employed,1,1
32,70940,845,6067,0.3,Self-Employed,1,1
60,79459,801,13142,0.39,Employed,1,1
57,68629,606,15353,0.14,Unemployed,0,0
40,107881,786,33920,0.2,Employed,1,1
46,144437,317,34918,0.19,Unemployed,0,0
56,117404,677,5044,0.5,Unemployed,0,0
21,111289,639,33036,0.22,Employed,1,1
40,143990,412,18259,0.29,Employed,1,1
39,90804,726,13645,0.14,Unemployed,0,0
34,74935,615,47598,0.17,Self-Employed,1,1
48,96983,327,24783,0.12,Employed,1,1
58,117290,785,15418,0.22,Unemployed,0,0
59,115236,571,22958,0.42,Self-Employed,1,1
62,40253,533,11117,0.23,Self-Employed,1,1
41,136052,352,47899,0.4,Employed,1,1
50,74379,791,28621,0.14,Employed,1,1
49,105841,474,21409,0.4,Unemployed,0,0
49,32978,836,10401,0.12,Employed,1,1
64,129273,689,29369,0.44,Self-Employed,1,1
34,84139,451,48549,0.37,Employed,1,1
53,100694,548,47527,0.17,Employed,1,1
51,73492,332,15847,0.24,Self-Employed,1,1
31,143083,412,8393,0.28,Self-Employed,1,1
63,144717,495,30974,0.35,Employed,1,1
26,56666,319,45999,0.45,Unemployed,0,0
39,24288,751,25021,0.14,Unemployed,0,0
53,110476,621,20344,0.43,Unemployed,0,0
63,68566,728,33130,0.17,Unemployed,0,0
61,48477,455,47957,0.26,Self-Employed,1,1
60,78115,722,10976,0.48,Self-Employed,1,1
42,78287,508,11237,0.21,Self-Employed,1,1
26,144591,720,5071,0.25,Self-Employed,1,1
36,50947,813,18986,0.44,Unemployed,0,0
64,132125,782,36248,0.42,Unemployed,0,0
40,67537,363,10107,0.36,Employed,1,1
35,33022,441,13696,0.42,Self-Employed,1,1
33,148572,831,43907,0.15,Employed,1,1
30,109873,512,19823,0.38,Unemployed,0,0
22,68147,632,39042,0.12,Employed,1,1
23,91364,789,49563,0.48,Employed,1,1
36,138187,838,34167,0.16,Employed,1,1
51,148167,685,5608,0.27,Self-Employed,1,1
60,104518,621,5528,0.34,Self-Employed,1,1
25,67012,477,27516,0.42,Unemployed,0,0
50,27936,770,12903,0.37,Employed,1,1
47,72184,845,32676,0.17,Self-Employed,1,1
61,56160,650,13662,0.25,Unemployed,0,0
57,44878,662,36306,0.24,Self-Employed,1,1
33,146904,570,9641,0.11,Self-Employed,1,1
65,36011,795,20004,0.37,Self-Employed,1,1
45,144388,496,30104,0.44,Self-Employed,1,1
52,131153,552,10854,0.49,Unemployed,0,0
46,128028,585,11712,0.15,Unemployed,0,0
36,79600,605,11763,0.47,Self-Employed,1,1
30,32015,530,25535,0.15,Self-Employed,1,1
62,106870,604,29088,0.26,Employed,1,1
65,47801,595,24611,0.12,Self-Employed,1,1
21,104109,512,13986,0.2,Employed,1,1
27,103819,800,30082,0.23,Self-Employed,1,1
48,98269,624,13725,0.38,Unemployed,0,0
35,147283,791,47046,0.37,Unemployed,0,0
32,22799,657,49376,0.41,Employed,1,1
65,26629,580,14362,0.33,Unemployed,0,0
54,123126,594,9483,0.33,Unemployed,0,0
50,63713,424,39767,0.49,Unemployed,0,0
24,51925,688,41915,0.37,Unemployed,0,0
56,149606,704,5555,0.24,Unemployed,0,0
36,36505,653,44997,0.31,Employed,1,1
28,123150,449,47599,0.38,Self-Employed,1,1
50,94000,597,15755,0.14,Self-Employed,1,1
29,46896,343,33842,0.36,Self-Employed,1,1
50,28992,594,28015,0.2,Unemployed,0,0
63,128765,380,18962,0.24,Unemployed,0,0
54,120290,654,46161,0.37,Self-Employed,1,1
56,92641,752,14920,0.25,Unemployed,0,0
59,47152,562,31981,0.44,Self-Employed,1,1
41,96858,790,45375,0.32,Employed,1,1
49,48305,519,49994,0.5,Self-Employed,1,1
60,126568,506,33992,0.12,Unemployed,0,0
53,133992,577,19237,0.36,Self-Employed,1,1
48,50539,578,10681,0.16,Self-Employed,1,1
56,63064,440,11584,0.44,Unemployed,0,0
49,121498,411,14175,0.44,Employed,1,1
31,39340,545,13071,0.45,Employed,1,1
51,123369,548,43638,0.13,Unemployed,0,0
49,138034,351,30167,0.3,Self-Employed,1,1
37,98116,843,28038,0.2,Self-Employed,1,1
36,20371,531,33140,0.49,Unemployed,0,0
61,56342,538,25611,0.12,Unemployed,0,0
38,132513,353,14163,0.19,Unemployed,0,0
54,148978,402,21238,0.36,Self-Employed,1,1
52,38964,723,23151,0.26,Employed,1,1
61,149437,638,47245,0.19,Employed,1,1
36,37038,783,10521,0.28,Employed,1,1
38,90807,402,21263,0.42,Self-Employed,1,1
49,52853,440,41267,0.28,Employed,1,1
25,124662,305,44387,0.44,Self-Employed,1,1
39,42871,461,44322,0.28,Self-Employed,1,1
36,34408,716,44819,0.15,Unemployed,0,0
38,106646,787,23672,0.3,Self-Employed,1,1
42,133567,788,6757,0.36,Unemployed,0,0
41,23379,504,48149,0.14,Self-Employed,1,1
55,37275,594,24768,0.26,Unemployed,0,0
26,21947,628,18464,0.32,Unemployed,0,0
29,66955,592,38931,0.1,Self-Employed,1,1
30,123544,360,44775,0.14,Self-Employed,1,1
35,123341,391,38392,0.34,Self-Employed,1,1
45,51186,537,17363,0.35,Self-Employed,1,1
65,97182,847,30673,0.22,Unemployed,0,0
30,62437,338,24368,0.3,Unemployed,0,0
34,22068,479,47347,0.18,Unemployed,0,0
25,42838,727,8576,0.37,Self-Employed,1,1
47,54782,480,20685,0.48,Self-Employed,1,1
47,26868,337,37432,0.25,Employed,1,1
42,36614,706,30289,0.12,Employed,1,1
55,117218,807,12388,0.19,Employed,1,1
50,75176,490,20799,0.28,Employed,1,1
47,88955,596,37740,0.32,Unemployed,0,0
24,34896,338,46817,0.35,Employed,1,1
34,117735,309,43923,0.29,Unemployed,0,0
47,28330,605,9653,0.36,Self-Employed,1,1
45,82422,409,39621,0.39,Unemployed,0,0
58,78756,643,5790,0.15,Unemployed,0,0
65,121976,591,28664,0.4,Unemployed,0,0
22,67453,765,25740,0.19,Employed,1,1
57,87271,836,13649,0.24,Employed,1,1
45,97812,805,30351,0.43,Employed,1,1
51,34293,437,42249,0.49,Self-Employed,1,1
21,79245,816,32581,0.22,Employed,1,1
43,86039,779,28947,0.31,Employed,1,1
40,49038,579,40806,0.38,Employed,1,1
45,143917,497,49757,0.12,Self-Employed,1,1
47,100623,415,16322,0.17,Unemployed,0,0
55,25683,638,35868,0.16,Employed,1,1
55,115321,466,9783,0.39,Employed,1,1
59,122659,769,6093,0.39,Self-Employed,1,1
35,139111,563,43493,0.14,Unemployed,0,0
52,133636,490,9425,0.34,Employed,1,1
35,106363,314,5903,0.18,Employed,1,1
38,88347,645,22182,0.47,Self-Employed,1,1
48,59535,602,19138,0.26,Unemployed,0,0
52,80036,497,7610,0.28,Employed,1,1
22,104323,479,8962,0.41,Employed,1,1
45,146356,715,31081,0.39,Unemployed,0,0
42,24082,737,38201,0.14,Self-Employed,1,1
63,27972,827,23775,0.27,Self-Employed,1,1
64,82781,635,46194,0.47,Employed,1,1
46,131057,388,37836,0.43,Employed,1,1
31,72640,710,32225,0.34,Unemployed,0,0
50,75872,397,32759,0.41,Self-Employed,1,1
29,109928,489,31363,0.28,Self-Employed,1,1
60,34150,443,10401,0.36,Unemployed,0,0
55,84260,788,46978,0.48,Employed,1,1
22,113375,631,40164,0.15,Employed,1,1
46,139236,554,40235,0.3,Unemployed,0,0
58,78138,306,45373,0.31,Employed,1,1
57,29632,567,15006,0.12,Employed,1,1
63,137868,692,23184,0.47,Employed,1,1
22,30589,541,10478,0.44,Unemployed,0,0
26,62219,757,25310,0.29,Self-Employed,1,1
62,99730,573,10178,0.3,Self-Employed,1,1
48,39442,637,38508,0.47,Self-Employed,1,1
29,28609,609,18316,0.17,Self-Employed,1,1
50,36540,311,15182,0.33,Unemployed,0,0
32,56046,567,40152,0.39,Self-Employed,1,1
24,101830,668,26413,0.15,Unemployed,0,0
37,102978,541,30606,0.25,Self-Employed,1,1
45,96724,363,43432,0.34,Employed,1,1
41,91874,421,46569,0.45,Unemployed,0,0
34,113343,776,47587,0.3,Unemployed,0,0
50,62622,614,49633,0.25,Employed,1,1
41,69925,463,47149,0.49,Unemployed,0,0
42,98301,715,9332,0.47,Unemployed,0,0
45,89541,814,25327,0.4,Self-Employed,1,1
38,58652,618,33671,0.21,Unemployed,0,0
47,79469,420,20639,0.49,Unemployed,0,0
37,86263,602,8794,0.49,Unemployed,0,0
26,99354,676,21022,0.28,Unemployed,0,0
51,76387,526,10650,0.15,Self-Employed,1,1
22,32999,524,33474,0.27,Unemployed,0,0
55,123952,436,12601,0.38,Unemployed,0,0
24,111983,789,34712,0.4,Unemployed,0,0
43,34996,456,45127,0.22,Unemployed,0,0
35,131777,765,44900,0.38,Self-Employed,1,1
62,105814,682,8606,0.44,Self-Employed,1,1
25,105316,725,25269,0.38,Self-Employed,1,1
62,135042,782,48652,0.47,Unemployed,0,0
23,120789,850,48126,0.35,Employed,1,1
22,92264,523,16511,0.18,Employed,1,1
36,114481,553,12827,0.35,Self-Employed,1,1
33,133441,383,5830,0.22,Self-Employed,1,1
22,48183,838,13992,0.24,Self-Employed,1,1
60,76370,757,5743,0.37,Self-Employed,1,1
30,79186,840,15736,0.49,Self-Employed,1,1
36,136403,670,37532,0.36,Employed,1,1
29,49949,379,27721,0.48,Self-Employed,1,1
51,74239,414,39275,0.3,Employed,1,1
63,64424,363,38896,0.38,Employed,1,1
28,128451,817,21990,0.23,Unemployed,0,0
57,79441,507,15942,0.15,Employed,1,1
34,72262,849,29370,0.24,Self-Employed,1,1
50,74524,453,13318,0.29,Self-Employed,1,1
65,115631,468,22613,0.33,Self-Employed,1,1
37,32463,635,12736,0.37,Unemployed,0,0
44,60966,832,6923,0.27,Employed,1,1
31,75936,752,26955,0.4,Unemployed,0,0
59,60963,419,33136,0.44,Self-Employed,1,1
59,107177,510,22824,0.21,Self-Employed,1,1
28,53408,800,39331,0.44,Self-Employed,1,1
31,69060,393,9185,0.42,Employed,1,1
40,144989,822,22232,0.31,Self-Employed,1,1
27,40006,756,42791,0.11,Self-Employed,1,1
58,110023,356,46125,0.16,Unemployed,0,0
22,140977,764,10050,0.37,Employed,1,1
40,82163,435,37515,0.18,Employed,1,1
57,28799,825,34831,0.4,Unemployed,0,0
64,31957,725,38474,0.16,Self-Employed,1,1
45,129022,767,28601,0.21,Employed,1,1
46,31188,359,8633,0.2,Self-Employed,1,1
33,32219,773,37742,0.44,Unemployed,0,0
25,76606,615,42151,0.38,Self-Employed,1,1
58,32656,322,15936,0.22,Self-Employed,1,1
65,117594,705,29096,0.4,Employed,1,1
61,116835,560,15309,0.11,Employed,1,1
36,68843,303,21719,0.43,Unemployed,0,0
27,126400,523,11743,0.14,Unemployed,0,0
65,37054,374,42611,0.45,Unemployed,0,0
40,92924,346,49179,0.4,Self-Employed,1,1
64,27861,733,12558,0.45,Self-Employed,1,1
59,96869,652,19968,0.4,Employed,1,1
28,145386,365,38346,0.32,Self-Employed,1,1
57,93608,361,5168,0.2,Employed,1,1
23,93620,370,7886,0.41,Self-Employed,1,1
43,63207,783,5805,0.42,Unemployed,0,0
55,107819,332,21026,0.22,Employed,1,1
48,36021,593,8013,0.37,Unemployed,0,0
63,73845,718,35917,0.47,Unemployed,0,0
44,66346,484,28853,0.26,Unemployed,0,0
25,134505,438,30098,0.48,Unemployed,0,0
53,107207,730,14835,0.49,Self-Employed,1,1
62,143355,683,16728,0.23,Self-Employed,1,1
42,118341,691,7317,0.32,Unemployed,0,0
21,75435,759,41232,0.11,Unemployed,0,0
47,133782,686,47972,0.2,Unemployed,0,0
52,140041,684,32483,0.35,Self-Employed,1,1
27,114510,382,19713,0.41,Self-Employed,1,1
48,26743,436,26089,0.45,Employed,1,1
44,146929,656,21270,0.43,Employed,1,1
61,57700,421,32279,0.46,Employed,1,1
50,98696,482,25967,0.38,Employed,1,1
30,60953,850,22777,0.36,Self-Employed,1,1
48,66090,702,10104,0.4,Employed,1,1
32,33579,841,42456,0.32,Unemployed,0,0
54,95748,430,29432,0.34,Self-Employed,1,1
62,86507,528,12825,0.41,Unemployed,0,0
38,47884,303,37901,0.49,Self-Employed,1,1
60,40280,323,49127,0.22,Self-Employed,1,1
55,106079,605,8451,0.17,Unemployed,0,0
51,83201,774,16753,0.37,Unemployed,0,0
50,49392,734,19626,0.17,Self-Employed,1,1
48,131054,844,38801,0.17,Employed,1,1
58,34184,688,8009,0.31,Self-Employed,1,1
38,65890,535,31275,0.25,Employed,1,1
41,130804,553,9517,0.27,Employed,1,1
36,92910,771,35480,0.32,Employed,1,1
26,68176,654,23501,0.15,Unemployed,0,0
38,35058,458,25361,0.33,Employed,1,1
49,119956,582,26449,0.2,Employed,1,1
36,56512,493,10661,0.23,Employed,1,1
50,95248,415,41247,0.38,Self-Employed,1,1
57,49643,332,34933,0.16,Self-Employed,1,1
60,125804,729,5522,0.16,Employed,1,1
63,76244,316,29177,0.23,Unemployed,0,0
45,130776,546,18151,0.12,Self-Employed,1,1
42,93526,511,24109,0.47,Unemployed,0,0
22,147735,368,41949,0.35,Employed,1,1
52,120588,403,24917,0.36,Employed,1,1
41,127272,334,45810,0.3,Employed,1,1
32,101490,757,20897,0.33,Employed,1,1
52,100422,349,35403,0.24,Employed,1,1
34,108470,550,29135,0.41,Self-Employed,1,1
43,104239,345,43777,0.23,Employed,1,1
37,92972,711,37332,0.19,Self-Employed,1,1
42,23441,749,17807,0.17,Self-Employed,1,1
38,99822,539,40819,0.13,Self-Employed,1,1
59,141776,522,21064,0.3,Self-Employed,1,1
65,106223,357,14867,0.27,Self-Employed,1,1
38,128719,443,5417,0.31,Self-Employed,1,1
56,110894,815,31872,0.14,Unemployed,0,0
21,55054,596,6566,0.19,Employed,1,1
54,23794,539,20269,0.19,Self-Employed,1,1
33,43647,626,40490,0.23,Employed,1,1
26,55818,628,27703,0.24,Employed,1,1
36,112104,542,46677,0.19,Employed,1,1
47,119930,609,5628,0.4,Self-Employed,1,1
52,60499,446,26955,0.31,Self-Employed,1,1
56,140787,833,5095,0.5,Employed,1,1
36,64541,526,48077,0.43,Unemployed,0,0
65,66009,723,29659,0.49,Self-Employed,1,1
51,20800,607,25153,0.1,Employed,1,1
62,43777,581,11812,0.37,Employed,1,1
52,134014,362,18447,0.28,Self-Employed,1,1
49,38776,479,39721,0.46,Self-Employed,1,1
22,94228,737,20608,0.35,Employed,1,1
26,106159,807,32513,0.35,Employed,1,1
39,72531,348,37245,0.48,Unemployed,0,0
35,29120,652,8925,0.37,Employed,1,1
46,38595,690,14330,0.23,Self-Employed,1,1
65,117120,837,23338,0.47,Self-Employed,1,1
36,102991,626,11096,0.48,Employed,1,1
40,147377,726,7877,0.25,Unemployed,0,0
63,24018,718,20169,0.32,Employed,1,1
58,32026,452,39062,0.21,Employed,1,1
44,117794,607,32070,0.46,Self-Employed,1,1
51,89531,685,29411,0.43,Unemployed,0,0
56,48197,488,35045,0.25,Employed,1,1
54,69308,850,10564,0.42,Unemployed,0,0
43,75028,784,43061,0.28,Unemployed,0,0
48,79460,546,11263,0.12,Employed,1,1
56,64681,530,38123,0.46,Self-Employed,1,1
42,40631,607,13749,0.18,Self-Employed,1,1
43,68503,447,46760,0.31,Unemployed,0,0
65,60846,774,30844,0.48,Self-Employed,1,1
50,114581,359,9904,0.17,Self-Employed,1,1
38,62517,722,43790,0.48,Employed,1,1
40,121821,726,42212,0.32,Unemployed,0,0
37,143392,842,9081,0.1,Unemployed,0,0
35,94395,437,33507,0.13,Employed,1,1
28,98148,697,48413,0.37,Unemployed,0,0
33,31135,548,13566,0.41,Unemployed,0,0
41,135781,561,20517,0.45,Unemployed,0,0
28,26895,508,24115,0.27,Employed,1,1
55,40392,638,22104,0.14,Self-Employed,1,1
65,40632,380,25644,0.32,Self-Employed,1,1
32,118885,760,30752,0.38,Unemployed,0,0
33,100981,679,26381,0.49,Self-Employed,1,1
34,26522,394,25844,0.41,Employed,1,1
51,108338,848,34671,0.36,Self-Employed,1,1
38,30693,495,22822,0.48,Employed,1,1
58,55665,352,20309,0.4,Unemployed,0,0
54,78079,574,9894,0.16,Employed,1,1
59,106761,686,18284,0.28,Employed,1,1
39,75576,340,13920,0.23,Employed,1,1
27,83656,374,43319,0.14,Unemployed,0,0
33,99570,492,12141,0.12,Self-Employed,1,1
39,77939,522,15184,0.42,Self-Employed,1,1
35,74287,790,11924,0.32,Employed,1,1
44,55804,513,15772,0.33,Employed,1,1
32,48255,640,34462,0.19,Self-Employed,1,1
40,118951,610,35543,0.2,Unemployed,0,0
21,87154,315,25580,0.26,Employed,1,1
55,34918,516,31641,0.35,Self-Employed,1,1
29,65242,494,12912,0.27,Employed,1,1
38,76349,420,40122,0.11,Employed,1,1
23,34534,790,28480,0.37,Employed,1,1
24,57125,548,18607,0.31,Unemployed,0,0
56,108895,509,34616,0.36,Unemployed,0,0
39,108930,706,25205,0.35,Self-Employed,1,1
65,97743,545,35365,0.4,Unemployed,0,0
29,83783,629,22367,0.33,Unemployed,0,0
61,89066,589,12858,0.38,Employed,1,1
52,107442,689,10925,0.13,Self-Employed,1,1
27,60425,777,15329,0.47,Employed,1,1
21,25952,846,49961,0.14,Employed,1,1
57,48903,667,24937,0.41,Employed,1,1
39,71807,615,44538,0.22,Self-Employed,1,1
51,149033,567,7643,0.13,Employed,1,1
51,98554,668,19091,0.41,Unemployed,0,0
49,27180,825,26482,0.28,Unemployed,0,0
42,21007,809,14720,0.26,Self-Employed,1,1
32,46794,777,10977,0.36,Unemployed,0,0
24,59507,400,21267,0.29,Employed,1,1
37,143905,780,28313,0.31,Employed,1,1
51,47686,627,30968,0.15,Self-Employed,1,1
28,120578,508,38650,0.26,Unemployed,0,0
25,37987,679,8208,0.42,Employed,1,1
46,120160,620,49379,0.32,Unemployed,0,0
52,53491,723,24584,0.48,Unemployed,0,0
25,57938,346,22050,0.16,Employed,1,1
57,63007,526,16394,0.37,Employed,1,1
61,35726,449,7036,0.47,Self-Employed,1,1
64,21013,316,31502,0.42,Employed,1,1
24,85193,567,34635,0.39,Self-Employed,1,1
30,117912,727,41434,0.25,Unemployed,0,0
30,76446,602,41052,0.48,Unemployed,0,0
57,43028,456,21374,0.32,Self-Employed,1,1
40,36932,500,11207,0.32,Self-Employed,1,1
26,69834,637,35280,0.15,Unemployed,0,0
36,89806,535,11678,0.1,Employed,1,1
28,112231,688,14161,0.34,Employed,1,1
56,50161,551,12959,0.31,Unemployed,0,0
47,85570,811,5783,0.48,Self-Employed,1,1
59,93233,645,9041,0.22,Self-Employed,1,1
59,129229,563,19567,0.4,Unemployed,0,0
60,107562,800,13566,0.46,Employed,1,1
35,125670,802,17984,0.24,Self-Employed,1,1
54,66421,771,31252,0.27,Employed,1,1
45,29447,472,29395,0.36,Self-Employed,1,1
49,72044,660,49976,0.31,Unemployed,0,0
49,132953,473,46307,0.16,Self-Employed,1,1
40,117260,443,47250,0.19,Unemployed,0,0
58,25544,800,10507,0.43,Self-Employed,1,1
48,77176,488,43163,0.18,Unemployed,0,0
40,22456,360,43411,0.17,Unemployed,0,0
57,80260,836,21962,0.42,Self-Employed,1,1
60,140738,334,9914,0.44,Employed,1,1
24,30205,376,6428,0.44,Unemployed,0,0
60,132998,349,9225,0.47,Employed,1,1
27,61033,306,17959,0.5,Unemployed,0,0
34,95465,722,47335,0.28,Self-Employed,1,1
61,76267,440,34060,0.32,Self-Employed,1,1
34,95156,536,13440,0.22,Unemployed,0,0
37,73008,369,11027,0.13,Self-Employed,1,1
63,112995,454,26728,0.14,Self-Employed,1,1
26,103904,309,13029,0.39,Unemployed,0,0
31,74747,523,7798,0.29,Unemployed,0,0
36,57947,817,35211,0.23,Employed,1,1
32,35096,766,8318,0.15,Employed,1,1
56,73088,682,16009,0.36,Unemployed,0,0
25,22733,361,42610,0.14,Employed,1,1
31,146641,794,33387,0.35,Self-Employed,1,1
21,62568,799,30886,0.46,Self-Employed,1,1
47,42527,316,37514,0.23,Self-Employed,1,1
49,125030,306,6932,0.28,Unemployed,0,0
65,144205,844,30082,0.35,Self-Employed,1,1
59,101018,721,49775,0.22,Self-Employed,1,1
51,80305,312,32961,0.33,Employed,1,1
39,129055,317,16325,0.33,Unemployed,0,0
23,110388,842,28196,0.25,Unemployed,0,0
35,140556,581,19071,0.23,Self-Employed,1,1
39,67428,848,17265,0.27,Unemployed,0,0
39,31551,593,23021,0.1,Employed,1,1
65,77240,317,23340,0.2,Employed,1,1
50,130688,814,34229,0.19,Unemployed,0,0
25,33875,740,14740,0.4,Self-Employed,1,1
64,51891,483,7270,0.27,Unemployed,0,0
35,77104,409,45246,0.44,Employed,1,1
37,97184,398,45578,0.15,Self-Employed,1,1
61,72487,836,45434,0.39,Unemployed,0,0
58,88676,452,21107,0.45,Employed,1,1
63,30308,546,47420,0.29,Unemployed,0,0
33,71873,496,24340,0.24,Unemployed,0,0
48,134101,839,37695,0.22,Self-Employed,1,1
28,60668,558,32000,0.32,Employed,1,1
55,117754,662,41089,0.17,Unemployed,0,0
35,64500,573,36393,0.34,Unemployed,0,0
62,49041,706,8996,0.44,Self-Employed,1,1
30,63655,380,10748,0.44,Unemployed,0,0
38,122120,682,23335,0.16,Employed,1,1
30,42037,715,30101,0.32,Unemployed,0,0
25,30011,770,13993,0.21,Self-Employed,1,1
24,86910,549,32474,0.45,Self-Employed,1,1
31,102998,531,18071,0.13,Self-Employed,1,1
40,34945,607,47116,0.13,Unemployed,0,0
